Re,U_max_error,U_mean_error,U_L2_error,V_max_error,V_mean_error,V_L2_error
100,0.06869454515209923,0.016866854203731824,0.024999267380796244,0.05837047944048682,0.016878841060621347,0.025133467593196738
1000,0.28678616895349945,0.16327754141252016,0.17917208727156286,0.35362085434761814,0.1682577179889233,0.1916820671988378
