Re,U_max_error,U_mean_error,U_L2_error,V_max_error,V_mean_error,V_L2_error
100,0.19442822846736824,0.06461031848611903,0.085011992884149,0.1652776570744478,0.0651441418498714,0.07859784997725966
1000,0.33897122927649914,0.16963420476035596,0.19771291087373852,0.4941313718989997,0.2472122921359759,0.2767687798799176
